<?xml version="1.0" encoding="UTF-8"?><xs:schema  targetNamespace="http://www.openplans.org/topp"  xmlns:topp="http://www.openplans.org/topp" xmlns:gml="http://www.opengis.net/gml" xmlns:xs="http://www.w3.org/2001/XMLSchema" elementFormDefault="qualified" attributeFormDefault="unqualified" version="1.0"><xs:import namespace="http://www.opengis.net/gml" schemaLocation="http://localhost:8080/geoserver/schemas/gml/2.1.2.1/feature.xsd"/><xs:complexType xmlns:xs="http://www.w3.org/2001/XMLSchema" xmlns="http://www.w3.org/2001/XMLSchema" name="states_Type"><xs:complexContent><xs:extension base="gml:AbstractFeatureType"><xs:sequence><xs:element name="the_geom" minOccurs="0" nillable="true" type="gml:MultiPolygonPropertyType"/><xs:element name="STATE_NAME" minOccurs="0" nillable="false"><xs:simpleType><xs:restriction base="xs:string"><xs:maxLength value="5"/></xs:restriction></xs:simpleType></xs:element><xs:element name="STATE_FIPS" minOccurs="0" nillable="true"><xs:simpleType><xs:restriction base="xs:string"><xs:maxLength value="5"/></xs:restriction></xs:simpleType></xs:element><xs:element name="SUB_REGION" minOccurs="0" nillable="true"><xs:simpleType><xs:restriction base="xs:string"><xs:maxLength value="5"/></xs:restriction></xs:simpleType></xs:element><xs:element name="STATE_ABBR" minOccurs="0" nillable="false"><xs:simpleType><xs:restriction base="xs:string"><xs:maxLength value="5"/></xs:restriction></xs:simpleType></xs:element><xs:element name="LAND_KM" minOccurs="0" nillable="true" type="xs:double"/><xs:element name="WATER_KM" minOccurs="0" nillable="true" type="xs:double"/><xs:element name="PERSONS" minOccurs="0" nillable="true" type="xs:double"/><xs:element name="FAMILIES" minOccurs="0" nillable="true" type="xs:double"/><xs:element name="HOUSHOLD" minOccurs="0" nillable="true" type="xs:double"/><xs:element name="MALE" minOccurs="0" nillable="true" type="xs:double"/><xs:element name="FEMALE" minOccurs="0" nillable="true" type="xs:double"/><xs:element name="WORKERS" minOccurs="0" nillable="true" type="xs:double"/><xs:element name="DRVALONE" minOccurs="0" nillable="true" type="xs:double"/><xs:element name="CARPOOL" minOccurs="0" nillable="true" type="xs:double"/><xs:element name="PUBTRANS" minOccurs="0" nillable="true" type="xs:double"/><xs:element name="EMPLOYED" minOccurs="0" nillable="true" type="xs:double"/><xs:element name="UNEMPLOY" minOccurs="0" nillable="true" type="xs:double"/><xs:element name="SERVICE" minOccurs="0" nillable="true" type="xs:double"/><xs:element name="MANUAL" minOccurs="0" nillable="true" type="xs:double"/><xs:element name="P_MALE" minOccurs="0" nillable="true" type="xs:double"/><xs:element name="P_FEMALE" minOccurs="0" nillable="true" type="xs:double"/><xs:element name="SAMP_POP" minOccurs="0" nillable="true" type="xs:double"/></xs:sequence></xs:extension></xs:complexContent></xs:complexType><xs:element name="states" type="topp:states_Type" substitutionGroup="gml:_Feature"/></xs:schema>
